City,Code,Type,Line,Station
2210,0001,地铁,1号线,
2210,00010079,地铁,1号线,十三号街
2210,0001007B,地铁,1号线,中央大街
2210,0001007D,地铁,1号线,七号街
2210,0001007F,地铁,1号线,四号街
2210,00010081,地铁,1号线,张士
2210,00010083,地铁,1号线,开发大道
2210,00010085,地铁,1号线,于洪广场
2210,00010087,地铁,1号线,迎宾路
2210,00010089,地铁,1号线,重工街
2210,0001008B,地铁,1号线,启工街
2210,0001008D,地铁,1号线,保工街
2210,0001008F,地铁,1号线,铁西广场
2210,00010091,地铁,1号线,云峰北街
2210,00010093,地铁,1号线,沈阳站
2210,00010095,地铁,1号线,太原街
2210,00010097,地铁,1号线,南市场
2210,00010099,地铁,1号线,青年大街
2210,0001009B,地铁,1号线,怀远门
2210,0001009D,地铁,1号线,中街
2210,0001009F,地铁,1号线,东中街
2210,000100A1,地铁,1号线,滂江街
2210,000100A3,地铁,1号线,黎明广场
2210,0002,地铁,2号线,
2210,0002011B,地铁,2号线,蒲田路
2210,00020119,地铁,2号线,蒲河路
2210,00020117,地铁,2号线,人杰湖公园
2210,00020115,地铁,2号线,辽宁大学
2210,00020113,地铁,2号线,航空航天大学
2210,00020111,地铁,2号线,师范大学
2210,0002010F,地铁,2号线,医学院
2210,000200CB,地铁,2号线,三台子
2210,000200CD,地铁,2号线,陵西
2210,000200CF,地铁,2号线,新乐遗址
2210,000200D1,地铁,2号线,北陵公园
2210,000200D3,地铁,2号线,中医药大学
2210,000200D5,地铁,2号线,岐山路
2210,000200D7,地铁,2号线,沈阳北站
2210,000200D9,地铁,2号线,金融中心
2210,000200DB,地铁,2号线,市府广场
2210,000200DD,地铁,2号线,青年大街
2210,000200DF,地铁,2号线,青年公园
2210,000200E1,地铁,2号线,工业展览馆
2210,000200E3,地铁,2号线,市图书馆
2210,000200E5,地铁,2号线,五里河
2210,000200E7,地铁,2号线,奥体中心
2210,000200E9,地铁,2号线,营盘街
2210,000200EB,地铁,2号线,世纪大厦
2210,000200ED,地铁,2号线,白塔河路
2210,000200EF,地铁,2号线,全运路
2210,0009,地铁,9号线,
2210,00090399,地铁,9号线,怒江公园
2210,0009039B,地铁,9号线,淮河街沈医二院
2210,0009039D,地铁,9号线,皇姑屯站
2210,0009039F,地铁,9号线,重型文化广场
2210,000903A1,地铁,9号线,北二路
2210,000903A3,地铁,9号线,铁西广场
2210,000903A5,地铁,9号线,兴华公园
2210,000903A7,地铁,9号线,沈辽路
2210,000903A9,地铁,9号线,滑翔
2210,000903AB,地铁,9号线,吉力湖街
2210,000903AD,地铁,9号线,大通湖街
2210,000903AF,地铁,9号线,曹仲
2210,000903B1,地铁,9号线,浑河站
2210,000903B3,地铁,9号线,胜利南街
2210,000903B5,地铁,9号线,长白南
2210,000903B7,地铁,9号线,榆树台
2210,000903B9,地铁,9号线,金阳大街
2210,000903BB,地铁,9号线,彩霞街
2210,000903BD,地铁,9号线,奥体中心
2210,000903BF,地铁,9号线,天成街
2210,000903C1,地铁,9号线,朗日街
2210,000903C3,地铁,9号线,长青南街
2210,000903C5,地铁,9号线,建筑大学
2210,000A,地铁,10号线,
2210,000A03FD,地铁,10号线,丁香湖
2210,000A03FF,地铁,10号线,元江街
2210,000A0401,地铁,10号线,向工街
2210,000A0403,地铁,10号线,塔湾街
2210,000A0405,地铁,10号线,淮河街沈医二院
2210,000A0407,地铁,10号线,百鸟公园
2210,000A0409,地铁,10号线,长江街
2210,000A040B,地铁,10号线,中医药大学
2210,000A040D,地铁,10号线,陵东街
2210,000A040F,地铁,10号线,北塔
2210,000A0411,地铁,10号线,合作街
2210,000A0413,地铁,10号线,东北大马路
2210,000A0415,地铁,10号线,滂江街
2210,000A0417,地铁,10号线,长安路
2210,000A0419,地铁,10号线,万莲
2210,000A041B,地铁,10号线,泉园
2210,000A041D,地铁,10号线,江东街
2210,000A041F,地铁,10号线,长青桥
2210,000A0421,地铁,10号线,长青南街
2210,000A0423,地铁,10号线,理工大学
2210,000A0425,地铁,10号线,张沙布
2210,00010000,地铁,1号线,
2210,00020000,地铁,2号线,
2210,000200F1,地铁,2号线,沈本大街
2210,000200F3,地铁,2号线,沈中大街
2210,000200F5,地铁,2号线,省博物馆
2210,000200F7,地铁,2号线,中央公园
2210,000200F9,地铁,2号线,创新一路
2210,000200FB,地铁,2号线,综合保税区
2210,000200FD,地铁,2号线,桃仙机场
2210,0003,地铁,3号线,
2210,00030000,地铁,3号线,
2210,00030141,地铁,3号线,李达
2210,00030143,地铁,3号线,铁西汽车工厂
2210,00030145,地铁,3号线,马贝
2210,00030147,地铁,3号线,中德大街
2210,00030149,地铁,3号线,细河悠谷
2210,0003014B,地铁,3号线,翟家
2210,0003014D,地铁,3号线,工业大学
2210,0003014F,地铁,3号线,宁官
2210,00030151,地铁,3号线,余良
2210,00030153,地铁,3号线,甘官
2210,00030155,地铁,3号线,千岛湖街
2210,00030157,地铁,3号线,南阳湖街
2210,00030159,地铁,3号线,大通湖街
2210,0003015B,地铁,3号线,南李官
2210,0004,地铁,4号线,
2210,00040000,地铁,4号线,
2210,000401A5,地铁,4号线,正新路
2210,000401A7,地铁,4号线,文官街
2210,000401A9,地铁,4号线,望花
2210,000401AB,地铁,4号线,观泉路
2210,000401AD,地铁,4号线,北大营
2210,000401AF,地铁,4号线,合作街
2210,000401B1,地铁,4号线,洮昌街
2210,000401B3,地铁,4号线,沈阳大学
2210,000401B5,地铁,4号线,沈阳北站
2210,000401B7,地铁,4号线,皇寺路
2210,000401B9,地铁,4号线,市府大路
2210,000401BB,地铁,4号线,太原街
2210,000401BD,地铁,4号线,南五马路
2210,000401BF,地铁,4号线,砂阳
2210,000401C1,地铁,4号线,南京桥
2210,000401C3,地铁,4号线,长白岛
2210,000401C5,地铁,4号线,长白南
2210,000401C7,地铁,4号线,金仓路
2210,000401C9,地铁,4号线,云杉路
2210,000401CB,地铁,4号线,红椿路
2210,000401CD,地铁,4号线,城建学院
2210,000401CF,地铁,4号线,沈阳南站
2210,000401D1,地铁,4号线,创新路
2210,00050000,地铁,5号线,
2210,00060000,地铁,6号线,
