City,Code,Type,Line,Station
5810,0001,地铁,1号线,
5810,00010001,地铁,1号线,西塱
5810,00010002,地铁,1号线,坑口
5810,00010003,地铁,1号线,花地湾
5810,00010004,地铁,1号线,芳村
5810,00010005,地铁,1号线,黄沙
5810,00010006,地铁,1号线,长寿路
5810,00010007,地铁,1号线,陈家祠
5810,00010008,地铁,1号线,西门口
5810,00010009,地铁,1号线,公园前
5810,00010010,地铁,1号线,农讲所
5810,00010011,地铁,1号线,烈士陵园
5810,00010012,地铁,1号线,东山口
5810,00010013,地铁,1号线,杨箕
5810,00010014,地铁,1号线,体育西路
5810,00010015,地铁,1号线,体育中心
5810,00010016,地铁,1号线,广州东站
5810,0002,地铁,2号线,
5810,00020009,地铁,2号线,江南西
5810,00020010,地铁,2号线,市二宫
5810,00020011,地铁,2号线,海珠广场
5810,00020012,地铁,2号线,公园前
5810,00020013,地铁,2号线,纪念堂
5810,00020014,地铁,2号线,越秀公园
5810,00020015,地铁,2号线,广州火车站
5810,00020016,地铁,2号线,三元里
5810,00020017,地铁,2号线,飞翔公园
5810,00020018,地铁,2号线,白云公园
5810,00020019,地铁,2号线,白云文化广场
5810,00020020,地铁,2号线,萧岗
5810,00020021,地铁,2号线,江夏
5810,00020022,地铁,2号线,黄边
5810,00020023,地铁,2号线,嘉禾望岗
5810,00020041,地铁,2号线,昌岗
5810,00020042,地铁,2号线,江泰路
5810,00020043,地铁,2号线,东晓南
5810,00020044,地铁,2号线,南洲
5810,00020045,地铁,2号线,洛溪
5810,00020046,地铁,2号线,南浦
5810,00020047,地铁,2号线,会江
5810,00020048,地铁,2号线,石壁
5810,00020049,地铁,2号线,广州南站
5810,0030,地铁,3号线,
5810,00300001,地铁,3号线,机场北
5810,00300002,地铁,3号线,机场南
5810,00300003,地铁,3号线,高增
5810,00300004,地铁,3号线,人和
5810,00300005,地铁,3号线,龙归
5810,00300006,地铁,3号线,白云大道北
5810,00300007,地铁,3号线,永泰
5810,00300008,地铁,3号线,同和
5810,00300009,地铁,3号线,京溪南方医院
5810,00300010,地铁,3号线,梅花园
5810,00300011,地铁,3号线,燕塘
5810,0003,地铁,3号线,
5810,00030001,地铁,3号线,广州东站
5810,00030002,地铁,3号线,林和西
5810,00030003,地铁,3号线,体育西路
5810,00030004,地铁,3号线,珠江新城
5810,00030005,地铁,3号线,广州塔
5810,00030006,地铁,3号线,客村
5810,00030007,地铁,3号线,大塘
5810,00030008,地铁,3号线,沥滘
5810,00030009,地铁,3号线,厦滘
5810,00030010,地铁,3号线,大石
5810,00030011,地铁,3号线,汉溪长隆
5810,00030012,地铁,3号线,市桥
5810,00030013,地铁,3号线,番禺广场
5810,00030014,地铁,3号线,天河客运站
5810,00030015,地铁,3号线,五山
5810,00030016,地铁,3号线,华师
5810,00030017,地铁,3号线,岗顶
5810,00030018,地铁,3号线,石牌桥
5810,00030019,地铁,3号线,傍江
5810,00030020,地铁,3号线,石碁南
5810,00030021,地铁,3号线,海涌路
5810,00030022,地铁,3号线,海傍
5810,0004,地铁,4号线,
5810,00040005,地铁,4号线,黄村
5810,00040006,地铁,4号线,车陂
5810,00040007,地铁,4号线,车陂南
5810,00040008,地铁,4号线,万胜围
5810,00040009,地铁,4号线,官洲
5810,00040010,地铁,4号线,大学城北
5810,00040011,地铁,4号线,大学城南
5810,00040012,地铁,4号线,新造
5810,00040013,地铁,4号线,石碁
5810,00040014,地铁,4号线,海傍
5810,00040015,地铁,4号线,低涌
5810,00040016,地铁,4号线,东涌
5810,00040027,地铁,4号线,庆盛
5810,00040017,地铁,4号线,黄阁汽车城
5810,00040018,地铁,4号线,黄阁
5810,00040019,地铁,4号线,蕉门
5810,00040020,地铁,4号线,金洲
5810,00040021,地铁,4号线,飞沙角
5810,00040022,地铁,4号线,广隆
5810,00040023,地铁,4号线,大涌
5810,00040024,地铁,4号线,塘坑
5810,00040025,地铁,4号线,南横
5810,00040026,地铁,4号线,南沙客运港
5810,0005,地铁,5号线,
5810,00050001,地铁,5号线,滘口
5810,00050002,地铁,5号线,坦尾
5810,00050003,地铁,5号线,中山八
5810,00050004,地铁,5号线,西场
5810,00050005,地铁,5号线,西村
5810,00050006,地铁,5号线,广州火车站
5810,00050007,地铁,5号线,小北
5810,00050008,地铁,5号线,淘金
5810,00050009,地铁,5号线,区庄
5810,00050010,地铁,5号线,动物园
5810,00050011,地铁,5号线,杨箕
5810,00050012,地铁,5号线,五羊邨
5810,00050013,地铁,5号线,珠江新城
5810,00050014,地铁,5号线,猎德
5810,00050015,地铁,5号线,潭村
5810,00050016,地铁,5号线,员村
5810,00050017,地铁,5号线,科韵路
5810,00050018,地铁,5号线,车陂南
5810,00050019,地铁,5号线,东圃
5810,00050020,地铁,5号线,三溪
5810,00050021,地铁,5号线,鱼珠
5810,00050022,地铁,5号线,大沙地
5810,00050023,地铁,5号线,大沙东
5810,00050024,地铁,5号线,文冲
5810,00050025,地铁,5号线,双沙
5810,00050026,地铁,5号线,庙头
5810,00050027,地铁,5号线,夏园
5810,00050028,地铁,5号线,保盈大道
5810,00050029,地铁,5号线,夏港
5810,00050030,地铁,5号线,黄埔新港
5810,0006,地铁,6号线,
5810,00060001,地铁,6号线,浔峰岗
5810,00060002,地铁,6号线,横沙
5810,00060003,地铁,6号线,沙贝
5810,00060004,地铁,6号线,河沙
5810,00060005,地铁,6号线,坦尾
5810,00060006,地铁,6号线,如意坊
5810,00060007,地铁,6号线,黄沙
5810,00060008,地铁,6号线,文化公园
5810,00060009,地铁,6号线,一德路
5810,00060010,地铁,6号线,海珠广场
5810,00060011,地铁,6号线,北京路
5810,00060012,地铁,6号线,团一大广场
5810,00060013,地铁,6号线,东湖
5810,00060014,地铁,6号线,东山口
5810,00060015,地铁,6号线,区庄
5810,00060016,地铁,6号线,黄花岗
5810,00060017,地铁,6号线,沙河顶
5810,00060018,地铁,6号线,沙河
5810,00060019,地铁,6号线,天平架
5810,00060020,地铁,6号线,燕塘
5810,00060021,地铁,6号线,天河客运站
5810,00060022,地铁,6号线,长湴
5810,00060023,地铁,6号线,植物园
5810,00060024,地铁,6号线,龙洞
5810,00060025,地铁,6号线,柯木塱
5810,00060026,地铁,6号线,高塘石
5810,00060027,地铁,6号线,黄陂
5810,00060028,地铁,6号线,金峰
5810,00060029,地铁,6号线,暹岗
5810,00060030,地铁,6号线,苏元
5810,00060031,地铁,6号线,萝岗
5810,00060032,地铁,6号线,香雪
5810,0007,地铁,7号线,
5810,00070001,地铁,7号线,广州南站
5810,00070002,地铁,7号线,石壁
5810,00070003,地铁,7号线,谢村
5810,00070004,地铁,7号线,钟村
5810,00070005,地铁,7号线,汉溪长隆
5810,00070006,地铁,7号线,南村万博
5810,00070007,地铁,7号线,员岗
5810,00070008,地铁,7号线,板桥
5810,00070009,地铁,7号线,大学城南
5810,00070010,地铁,7号线,深井
5810,00070011,地铁,7号线,长洲
5810,00070012,地铁,7号线,洪圣沙
5810,00070013,地铁,7号线,裕丰围
5810,00070014,地铁,7号线,大沙东
5810,00070015,地铁,7号线,姬堂
5810,00070016,地铁,7号线,加庄
5810,00070017,地铁,7号线,科丰路
5810,00070018,地铁,7号线,萝岗
5810,00070019,地铁,7号线,水西
5810,00070020,地铁,7号线,燕山
5810,00070025,地铁,7号线,美的大道
5810,00070026,地铁,7号线,北滘公园
5810,00070027,地铁,7号线,美的
5810,00070028,地铁,7号线,南涌
5810,00070029,地铁,7号线,锦龙
5810,00070030,地铁,7号线,陈村
5810,00070031,地铁,7号线,陈村北
5810,00070032,地铁,7号线,大洲
5810,0008,地铁,8号线,
5810,00080001,地铁,8号线,石井
5810,00080002,地铁,8号线,小坪
5810,00080003,地铁,8号线,石潭
5810,00080004,地铁,8号线,聚龙
5810,00080005,地铁,8号线,上步
5810,00080006,地铁,8号线,同德
5810,00080007,地铁,8号线,鹅掌坦
5810,00080008,地铁,8号线,西村
5810,00080009,地铁,8号线,彩虹桥
5810,00080010,地铁,8号线,陈家祠
5810,00080011,地铁,8号线,华林寺
5810,00080012,地铁,8号线,文化公园
5810,00080013,地铁,8号线,同福西
5810,00080014,地铁,8号线,凤凰新村
5810,00080015,地铁,8号线,沙园
5810,00080016,地铁,8号线,宝岗大道
5810,00080017,地铁,8号线,昌岗
5810,00080018,地铁,8号线,晓港
5810,00080019,地铁,8号线,中大
5810,00080020,地铁,8号线,鹭江
5810,00080021,地铁,8号线,客村
5810,00080022,地铁,8号线,赤岗
5810,00080023,地铁,8号线,磨碟沙
5810,00080024,地铁,8号线,新港东
5810,00080025,地铁,8号线,琶洲
5810,00080026,地铁,8号线,万胜围
5810,00080027,地铁,8号线,亭岗
5810,00080028,地铁,8号线,滘心
5810,0009,地铁,9号线,
5810,00090001,地铁,9号线,飞鹅岭
5810,00090002,地铁,9号线,花都汽车城
5810,00090003,地铁,9号线,广州北站
5810,00090004,地铁,9号线,花城路
5810,00090005,地铁,9号线,花果山公园
5810,00090006,地铁,9号线,花都广场
5810,00090007,地铁,9号线,马鞍山公园
5810,00090008,地铁,9号线,莲塘
5810,00090009,地铁,9号线,清㘵
5810,00090010,地铁,9号线,清塘
5810,00090011,地铁,9号线,高增
5810,0010,地铁,10号线,
5810,00100001,地铁,10号线,西塱
5810,00100002,地铁,10号线,花围
5810,00100003,地铁,10号线,东沙
5810,00100004,地铁,10号线,大干围
5810,00100005,地铁,10号线,工业大道南
5810,00100006,地铁,10号线,东晓南
5810,00100007,地铁,10号线,五凤
5810,00100008,地铁,10号线,中大南门
5810,00100009,地铁,10号线,滨江东路
5810,00100010,地铁,10号线,东湖
5810,00100011,地铁,10号线,五羊邨
5810,00100012,地铁,10号线,杨箕东
5810,0011,地铁,11号线,
5810,00110001,地铁,11号线,赤沙
5810,00110002,地铁,11号线,琶洲
5810,00110003,地铁,11号线,员村
5810,00110004,地铁,11号线,天河公园
5810,00110005,地铁,11号线,华景路
5810,00110006,地铁,11号线,华师
5810,00110007,地铁,11号线,龙口西
5810,00110008,地铁,11号线,广州东站
5810,00110009,地铁,11号线,沙河
5810,00110010,地铁,11号线,云台花园
5810,00110011,地铁,11号线,大金钟路
5810,00110012,地铁,11号线,中医药大学
5810,00110013,地铁,11号线,梓元岗
5810,00110014,地铁,11号线,广州火车站
5810,00110015,地铁,11号线,流花
5810,00110016,地铁,11号线,彩虹桥
5810,00110017,地铁,11号线,中山八
5810,00110018,地铁,11号线,如意坊
5810,00110019,地铁,11号线,石围塘
5810,00110020,地铁,11号线,芳村
5810,00110021,地铁,11号线,大冲口
5810,00110022,地铁,11号线,沙涌
5810,00110023,地铁,11号线,鹤洞东
5810,00110024,地铁,11号线,棣园
5810,00110025,地铁,11号线,燕岗
5810,00110026,地铁,11号线,江泰路
5810,00110027,地铁,11号线,五凤
5810,00110028,地铁,11号线,逸景路
5810,00110029,地铁,11号线,上涌
5810,00110030,地铁,11号线,大塘
5810,00110031,地铁,11号线,龙潭
5810,0012,地铁,12号线,
5810,00120001,地铁,12号线,浔峰岗
5810,00120002,地铁,12号线,浔峰岗北
5810,00120003,地铁,12号线,溪洲
5810,00120004,地铁,12号线,聚龙
5810,00120005,地铁,12号线,广州白云站
5810,00120006,地铁,12号线,棠涌
5810,00120007,地铁,12号线,新市墟
5810,00120008,地铁,12号线,白云文化广场
5810,00120009,地铁,12号线,广州体育馆
5810,00120017,地铁,12号线,二沙岛
5810,00120018,地铁,12号线,赤岗塔
5810,00120019,地铁,12号线,赤岗
5810,00120020,地铁,12号线,赤沙北
5810,00120021,地铁,12号线,赤沙
5810,00120022,地铁,12号线,北山
5810,00120023,地铁,12号线,官洲
5810,00120024,地铁,12号线,大学城北
5810,00120025,地铁,12号线,大学城南
5810,0013,地铁,13号线,
5810,00130001,地铁,13号线,鱼珠
5810,00130002,地铁,13号线,裕丰围
5810,00130003,地铁,13号线,双岗
5810,00130004,地铁,13号线,南海神庙
5810,00130005,地铁,13号线,夏园
5810,00130006,地铁,13号线,南岗
5810,00130007,地铁,13号线,沙村
5810,00130008,地铁,13号线,白江
5810,00130009,地铁,13号线,新塘
5810,00130010,地铁,13号线,官湖
5810,00130011,地铁,13号线,新沙
5810,0014,地铁,14号线,
5810,00140001,地铁,14号线,东风
5810,00140002,地铁,14号线,从化客运站
5810,00140003,地铁,14号线,赤草
5810,00140004,地铁,14号线,神岗
5810,00140005,地铁,14号线,太平
5810,00140006,地铁,14号线,新和
5810,00140007,地铁,14号线,马沥
5810,00140008,地铁,14号线,钟落潭
5810,00140009,地铁,14号线,竹料
5810,00140010,地铁,14号线,太和
5810,00140011,地铁,14号线,夏良
5810,00140012,地铁,14号线,白云东平
5810,00140013,地铁,14号线,嘉禾望岗
5810,0032,地铁,14号线,
5810,00320001,地铁,14号线,新和
5810,00320002,地铁,14号线,红卫
5810,00320003,地铁,14号线,新南
5810,00320004,地铁,14号线,枫下
5810,00320005,地铁,14号线,知识城
5810,00320006,地铁,14号线,何棠下
5810,00320007,地铁,14号线,旺村
5810,00320008,地铁,14号线,汤村
5810,00320009,地铁,14号线,镇龙北
5810,00320010,地铁,14号线,镇龙
5810,0018,地铁,18号线,
5810,00180001,地铁,18号线,广州东站
5810,00180002,地铁,18号线,冼村
5810,00180003,地铁,18号线,磨碟沙
5810,00180004,地铁,18号线,龙潭
5810,00180005,地铁,18号线,沙溪
5810,00180006,地铁,18号线,南村万博
5810,00180007,地铁,18号线,番禺广场
5810,00180008,地铁,18号线,横沥
5810,00180009,地铁,18号线,万顷沙
5810,0021,地铁,21号线,
5810,00210002,地铁,21号线,天河公园
5810,00210003,地铁,21号线,棠东
5810,00210004,地铁,21号线,黄村
5810,00210005,地铁,21号线,大观南路
5810,00210006,地铁,21号线,天河智慧城
5810,00210007,地铁,21号线,神舟路
5810,00210008,地铁,21号线,科学城
5810,00210009,地铁,21号线,苏元
5810,00210010,地铁,21号线,水西
5810,00210011,地铁,21号线,长平
5810,00210012,地铁,21号线,金坑
5810,00210013,地铁,21号线,镇龙西
5810,00210014,地铁,21号线,镇龙
5810,00210015,地铁,21号线,中新
5810,00210016,地铁,21号线,坑贝
5810,00210017,地铁,21号线,凤岗
5810,00210018,地铁,21号线,朱村
5810,00210019,地铁,21号线,山田
5810,00210020,地铁,21号线,钟岗
5810,00210021,地铁,21号线,增城广场
5810,0022,地铁,22号线,
5810,00220001,地铁,22号线,芳村
5810,00220002,地铁,22号线,西塱
5810,00220003,地铁,22号线,南漖
5810,00220004,地铁,22号线,南浦西
5810,00220005,地铁,22号线,陈头岗
5810,00220006,地铁,22号线,广州南站
5810,00220007,地铁,22号线,市广路
5810,00220008,地铁,22号线,番禺广场
5810,0060,地铁,广佛线,
5810,00600001,地铁,广佛线,魁奇路
5810,00600002,地铁,广佛线,季华园
5810,00600003,地铁,广佛线,同济路
5810,00600004,地铁,广佛线,祖庙
5810,00600005,地铁,广佛线,普君北路
5810,00600006,地铁,广佛线,朝安
5810,00600007,地铁,广佛线,桂城
5810,00600008,地铁,广佛线,南桂路
5810,00600009,地铁,广佛线,𧒽岗
5810,00600010,地铁,广佛线,千灯湖
5810,00600011,地铁,广佛线,金融高新区
5810,00600012,地铁,广佛线,龙溪
5810,00600013,地铁,广佛线,菊树
5810,00600014,地铁,广佛线,西塱
5810,00600015,地铁,广佛线,鹤洞
5810,00600016,地铁,广佛线,沙涌
5810,00600017,地铁,广佛线,沙园
5810,00600018,地铁,广佛线,燕岗
5810,00600019,地铁,广佛线,石溪
5810,00600020,地铁,广佛线,南洲
5810,00600021,地铁,广佛线,沥滘
5810,00600022,地铁,广佛线,澜石
5810,00600023,地铁,广佛线,世纪莲
5810,00600024,地铁,广佛线,东平
5810,00600025,地铁,广佛线,新城东
5810,0068,地铁,APM线,
5810,00680001,地铁,APM线,林和西
5810,00680002,地铁,APM线,体育中心南
5810,00680003,地铁,APM线,天河南
5810,00680004,地铁,APM线,黄埔大道
5810,00680005,地铁,APM线,妇儿中心
5810,00680006,地铁,APM线,花城大道
5810,00680007,地铁,APM线,大剧院
5810,00680008,地铁,APM线,海心沙
5810,00680009,地铁,APM线,广州塔
5810,0070,城际,广清城际,
5810,00700001,城际,广清城际,清城
5810,00700002,城际,广清城际,龙塘镇
5810,00700003,城际,广清城际,银盏
5810,00700004,城际,广清城际,狮岭
5810,00700005,城际,广清城际,乐同
5810,00700006,城际,广清城际,花都
5810,00700008,城际,广清城际,神山
5810,00700010,城际,广清城际,江高
5810,00700012,城际,广清城际,白云湖
5810,00700014,城际,广清城际,广州白云
5810,0071,城际,广州东环城际,
5810,00710001,城际,广州东环城际,花城街
5810,00710002,城际,广州东环城际,花山镇
5810,00710003,城际,广州东环城际,白云机场北
5810,0072,城际,广肇城际,
5810,00720001,城际,广肇城际,肇庆
5810,00720002,城际,广肇城际,端州
5810,00720003,城际,广肇城际,鼎湖山
5810,00720004,城际,广肇城际,鼎湖东
5810,00720005,城际,广肇城际,四会
5810,00720006,城际,广肇城际,大旺
5810,00720007,城际,广肇城际,云东海
5810,00720008,城际,广肇城际,三水北
5810,00720009,城际,广肇城际,狮山北
5810,00720010,城际,广肇城际,狮山
5810,00720011,城际,广肇城际,佛山西
5810,00720012,城际,广肇城际,张槎
5810,00720013,城际,广肇城际,顺德北
5810,00720014,城际,广肇城际,北滘西
5810,00720015,城际,广肇城际,陈村
5810,00720016,城际,广肇城际,番禺
5810,0073,城际,广惠城际,
5810,00730001,城际,广惠城际,广州长隆
5810,00730002,城际,广惠城际,东环
5810,00730003,城际,广惠城际,官桥北
5810,00730004,城际,广惠城际,广州莲花山
5810,00730005,城际,广惠城际,麻涌
5810,00730006,城际,广惠城际,东莞西
5810,00730007,城际,广惠城际,道滘
5810,00730008,城际,广惠城际,西平西
5810,00730009,城际,广惠城际,东城南
5810,00730010,城际,广惠城际,寮步
5810,00730011,城际,广惠城际,松山湖北
5810,00730012,城际,广惠城际,大朗镇
5810,00730013,城际,广惠城际,常平南
5810,00730014,城际,广惠城际,常平东
5810,00730015,城际,广惠城际,樟木头东
5810,00730016,城际,广惠城际,银瓶
5810,00730017,城际,广惠城际,沥林北
5810,00730018,城际,广惠城际,陈江南
5810,00730019,城际,广惠城际,惠环
5810,00730020,城际,广惠城际,龙丰
5810,00730021,城际,广惠城际,西湖东
5810,00730022,城际,广惠城际,云山
5810,00730023,城际,广惠城际,小金口
5810,00730024,城际,广惠城际,惠州北
5810,0074,城际,琶莲城际,
5810,00740001,城际,琶莲城际,深井
5810,00740002,城际,琶莲城际,化龙南
5810,0075,城际,广州东环城际,
5810,00750001,城际,广州东环城际,大石东
5810,00750002,城际,广州东环城际,广州大学城
5810,00750003,城际,广州东环城际,琶洲
5810,00750004,城际,广州东环城际,科韵路
5810,00750005,城际,广州东环城际,岑村
5810,00750006,城际,广州东环城际,龙洞
5810,00750007,城际,广州东环城际,大源
5810,00750008,城际,广州东环城际,帽峰山
5810,0077,城际,新白广城际,
5810,00770001,城际,新白广城际,钟落潭东
5810,00770002,城际,新白广城际,九佛
5810,00770003,城际,新白广城际,佛塱
5810,00770004,城际,新白广城际,新龙
5810,00770005,城际,新白广城际,镇龙
5810,00770006,城际,新白广城际,永宁北
5810,00770007,城际,新白广城际,永宁南
5810,0078,城际,穗深城际,
5810,00780001,城际,穗深城际,新塘南
5810,00780002,城际,穗深城际,中堂
5810,00780003,城际,穗深城际,望牛墩
5810,00780004,城际,穗深城际,东莞西
5810,00780005,城际,穗深城际,洪梅
5810,00780006,城际,穗深城际,东莞港
5810,00780007,城际,穗深城际,厚街
5810,00780008,城际,穗深城际,虎门北
5810,00780009,城际,穗深城际,虎门东
5810,00780010,城际,穗深城际,长安西
5810,00780011,城际,穗深城际,长安
5810,00780012,城际,穗深城际,沙井西
5810,00780013,城际,穗深城际,福海西
5810,00780014,城际,穗深城际,深圳机场北
5810,00780015,城际,穗深城际,深圳机场
5810,0080,有轨电车,海珠有轨电车,
5810,0090,有轨电车,黄埔有轨电车,
5810,0091,有轨电车,黄埔有轨电车2号线,
